session_id,pred_start,pred_end,pred_duration_s,has_any_extracted_text,n_extracted_text_events,cluster_id_x,label,n_events,n_distinct_apps,dominant_app,hour_of_day,frac_keystroke,frac_mouse_click,frac_mouse_double_click,frac_mouse_scroll,frac_clipboard_change,frac_shortcut,frac_browser_click,frac_browser_form_input,frac_browser_navigation,frac_screenshot_smart,hour_sin,hour_cos,dominant_app_grouped,cluster_id_y
ses_20260701-164424-CHAITANYA0BCF,2026-07-01 16:44:24.390000+00:00,2026-07-01 16:45:47.564000+00:00,83.174,True,14,3,process_cluster_3,399,4,WindowsTerminal,16,0.10526315789473684,0.03508771929824561,0.0,0.5914786967418546,0.007518796992481203,0.017543859649122806,0.02756892230576441,0.005012531328320802,0.010025062656641603,0.10776942355889724,-0.8660254037844385,-0.5000000000000004,WindowsTerminal,3
ses_20260701-164424-CHAITANYA0BCF,2026-07-01 16:45:47.564000+00:00,2026-07-01 16:48:31.985000+00:00,164.421,True,15,0,process_cluster_0,331,3,Microsoft Edge,16,0.2537764350453172,0.10876132930513595,0.0,0.08459214501510574,0.03625377643504532,0.054380664652567974,0.10876132930513595,0.03625377643504532,0.006042296072507553,0.23564954682779457,-0.8660254037844385,-0.5000000000000004,Microsoft Edge,0
ses_20260701-164424-CHAITANYA0BCF,2026-07-01 16:48:31.985000+00:00,2026-07-01 16:50:38.199000+00:00,126.214,True,9,0,process_cluster_0,209,3,Microsoft Edge,16,0.1722488038277512,0.11961722488038277,0.0,0.08133971291866028,0.04784688995215311,0.06698564593301436,0.11483253588516747,0.03827751196172249,0.009569377990430622,0.2535885167464115,-0.8660254037844385,-0.5000000000000004,Microsoft Edge,0
ses_20260701-164424-CHAITANYA0BCF,2026-07-01 16:50:38.199000+00:00,2026-07-01 16:53:09.001000+00:00,150.802,True,6,0,process_cluster_0,261,3,Microsoft Edge,16,0.26053639846743293,0.09195402298850575,0.0,0.04597701149425287,0.0421455938697318,0.07662835249042145,0.09195402298850575,0.03065134099616858,0.007662835249042145,0.24904214559386972,-0.8660254037844385,-0.5000000000000004,Microsoft Edge,0
ses_20260701-164424-CHAITANYA0BCF,2026-07-01 16:53:09.001000+00:00,2026-07-01 16:55:47.346000+00:00,158.345,True,12,3,process_cluster_3,413,5,procmine-desktop-agent,16,0.10653753026634383,0.06295399515738499,0.0,0.4576271186440678,0.024213075060532687,0.0387409200968523,0.05811138014527845,0.01937046004842615,0.007263922518159807,0.15738498789346247,-0.8660254037844385,-0.5000000000000004,procmine-desktop-agent,3
ses_20260701-171614-CHAITANYA0BCF,2026-07-01 17:16:14.350000+00:00,2026-07-01 17:17:30.865000+00:00,76.515,True,12,0,process_cluster_0,121,6,Microsoft Edge,17,0.11570247933884298,0.10743801652892562,0.0,0.04132231404958678,0.024793388429752067,0.03305785123966942,0.09090909090909091,0.024793388429752067,0.03305785123966942,0.2396694214876033,-0.9659258262890683,-0.25881904510252063,Microsoft Edge,0
ses_20260701-171614-CHAITANYA0BCF,2026-07-01 17:17:30.865000+00:00,2026-07-01 17:18:16.588000+00:00,45.723,True,2,0,process_cluster_0,89,1,Microsoft Edge,17,0.1797752808988764,0.1348314606741573,0.0,0.1348314606741573,0.0449438202247191,0.0449438202247191,0.1348314606741573,0.0449438202247191,0.011235955056179775,0.25842696629213485,-0.9659258262890683,-0.25881904510252063,Microsoft Edge,0
ses_20260701-171614-CHAITANYA0BCF,2026-07-01 17:18:16.588000+00:00,2026-07-01 17:23:11.403000+00:00,294.815,True,37,4,process_cluster_4,1013,4,Microsoft Excel,17,0.558736426456071,0.04738400789733465,0.0,0.035538005923000986,0.018756169792694965,0.04738400789733465,0.04738400789733465,0.01579466929911155,0.0029615004935834156,0.15301085883514315,-0.9659258262890683,-0.25881904510252063,Microsoft Excel,4
ses_20260701-171614-CHAITANYA0BCF,2026-07-01 17:23:11.403000+00:00,2026-07-01 17:23:55.732000+00:00,44.329,True,1,0,process_cluster_0,75,1,Microsoft Edge,17,0.10666666666666667,0.16,0.0,0.13333333333333333,0.05333333333333334,0.05333333333333334,0.16,0.05333333333333334,0.013333333333333334,0.26666666666666666,-0.9659258262890683,-0.25881904510252063,Microsoft Edge,0
ses_20260701-171614-CHAITANYA0BCF,2026-07-01 17:23:55.732000+00:00,2026-07-01 17:24:41.657000+00:00,45.925,True,4,0,process_cluster_0,84,2,Microsoft Edge,17,0.09523809523809523,0.14285714285714285,0.0,0.08333333333333333,0.047619047619047616,0.047619047619047616,0.14285714285714285,0.047619047619047616,0.011904761904761904,0.2857142857142857,-0.9659258262890683,-0.25881904510252063,Microsoft Edge,0
ses_20260701-171614-CHAITANYA0BCF,2026-07-01 17:24:41.657000+00:00,2026-07-01 17:27:00.645000+00:00,138.988,True,10,0,process_cluster_0,239,3,Microsoft Edge,17,0.11715481171548117,0.1506276150627615,0.0,0.10460251046025104,0.0502092050209205,0.0502092050209205,0.1506276150627615,0.0502092050209205,0.008368200836820083,0.2510460251046025,-0.9659258262890683,-0.25881904510252063,Microsoft Edge,0
ses_20260701-171614-CHAITANYA0BCF,2026-07-01 17:27:00.645000+00:00,2026-07-01 17:27:59.198000+00:00,58.553,True,3,0,process_cluster_0,115,2,Microsoft Edge,17,0.20869565217391303,0.10434782608695652,0.0,0.06956521739130435,0.043478260869565216,0.06956521739130435,0.10434782608695652,0.034782608695652174,0.008695652173913044,0.23478260869565218,-0.9659258262890683,-0.25881904510252063,Microsoft Edge,0
ses_20260701-171614-CHAITANYA0BCF,2026-07-01 17:27:59.198000+00:00,2026-07-01 17:29:26.381000+00:00,87.183,True,7,0,process_cluster_0,186,2,Microsoft Word,17,0.3010752688172043,0.06451612903225806,0.0,0.05913978494623656,0.043010752688172046,0.10752688172043011,0.06451612903225806,0.021505376344086023,0.005376344086021506,0.22580645161290322,-0.9659258262890683,-0.25881904510252063,Microsoft Word,0
ses_20260701-171614-CHAITANYA0BCF,2026-07-01 17:29:26.381000+00:00,2026-07-01 17:30:03.372000+00:00,36.991,True,2,0,process_cluster_0,73,2,Microsoft Edge,17,0.1095890410958904,0.1643835616438356,0.0,0.1095890410958904,0.0547945205479452,0.0547945205479452,0.1643835616438356,0.0547945205479452,0.0136986301369863,0.2602739726027397,-0.9659258262890683,-0.25881904510252063,Microsoft Edge,0
ses_20260701-171614-CHAITANYA0BCF,2026-07-01 17:30:03.372000+00:00,2026-07-01 17:30:13.013000+00:00,9.641,True,1,1,process_cluster_1,20,4,Microsoft Word,17,0.2,0.1,0.0,0.0,0.0,0.0,0.0,0.0,0.1,0.25,-0.9659258262890683,-0.25881904510252063,Microsoft Word,1
ses_20260701-173246-SIDDHIGUPTAB00B,2026-07-01 17:32:46.100000+00:00,2026-07-01 17:33:55.433000+00:00,69.333,True,14,0,process_cluster_0,138,5,Microsoft Edge,17,0.14492753623188406,0.07971014492753623,0.0,0.043478260869565216,0.043478260869565216,0.07246376811594203,0.07246376811594203,0.021739130434782608,0.028985507246376812,0.2536231884057971,-0.9659258262890683,-0.25881904510252063,Microsoft Edge,0
ses_20260701-173246-SIDDHIGUPTAB00B,2026-07-01 17:33:55.433000+00:00,2026-07-01 17:35:16.938000+00:00,81.505,True,10,0,process_cluster_0,165,3,Microsoft Edge,17,0.1696969696969697,0.10909090909090909,0.0,0.05454545454545454,0.048484848484848485,0.07272727272727272,0.10909090909090909,0.03636363636363636,0.012121212121212121,0.24848484848484848,-0.9659258262890683,-0.25881904510252063,Microsoft Edge,0
ses_20260701-173246-SIDDHIGUPTAB00B,2026-07-01 17:35:16.938000+00:00,2026-07-01 17:36:40.558000+00:00,83.62,True,6,0,process_cluster_0,144,2,Microsoft Edge,17,0.1111111111111111,0.1527777777777778,0.0,0.09027777777777778,0.05555555555555555,0.05555555555555555,0.14583333333333334,0.04861111111111111,0.013888888888888888,0.2708333333333333,-0.9659258262890683,-0.25881904510252063,Microsoft Edge,0
ses_20260701-173246-SIDDHIGUPTAB00B,2026-07-01 17:36:40.558000+00:00,2026-07-01 17:39:37.462000+00:00,176.904,True,14,0,process_cluster_0,309,3,Microsoft Edge,17,0.16181229773462782,0.11650485436893204,0.0,0.061488673139158574,0.045307443365695796,0.06796116504854369,0.11650485436893204,0.038834951456310676,0.003236245954692557,0.2588996763754045,-0.9659258262890683,-0.25881904510252063,Microsoft Edge,0
ses_20260701-173246-SIDDHIGUPTAB00B,2026-07-01 17:39:37.462000+00:00,2026-07-01 17:40:18.948000+00:00,41.486,True,5,0,process_cluster_0,92,2,Microsoft Edge,17,0.17391304347826086,0.13043478260869565,0.0,0.08695652173913043,0.06521739130434782,0.08695652173913043,0.13043478260869565,0.043478260869565216,0.010869565217391304,0.2391304347826087,-0.9659258262890683,-0.25881904510252063,Microsoft Edge,0
ses_20260701-173246-SIDDHIGUPTAB00B,2026-07-01 17:40:18.948000+00:00,2026-07-01 17:42:26.558000+00:00,127.61,True,7,0,process_cluster_0,218,3,Microsoft Edge,17,0.1834862385321101,0.11009174311926606,0.0,0.05963302752293578,0.045871559633027525,0.07339449541284404,0.11009174311926606,0.03669724770642202,0.0045871559633027525,0.24770642201834864,-0.9659258262890683,-0.25881904510252063,Microsoft Edge,0
ses_20260701-173246-SIDDHIGUPTAB00B,2026-07-01 17:42:26.558000+00:00,2026-07-01 17:44:34.672000+00:00,128.114,True,13,0,process_cluster_0,251,4,Microsoft Edge,17,0.2151394422310757,0.09561752988047809,0.0,0.07171314741035857,0.05179282868525897,0.09163346613545817,0.09561752988047809,0.03187250996015936,0.00796812749003984,0.24302788844621515,-0.9659258262890683,-0.25881904510252063,Microsoft Edge,0
ses_20260701-173246-SIDDHIGUPTAB00B,2026-07-01 17:44:34.672000+00:00,2026-07-01 17:45:23.553000+00:00,48.881,True,5,0,process_cluster_0,102,3,Microsoft Edge,17,0.1568627450980392,0.11764705882352941,0.0,0.08823529411764706,0.058823529411764705,0.0784313725490196,0.11764705882352941,0.0392156862745098,0.00980392156862745,0.2549019607843137,-0.9659258262890683,-0.25881904510252063,Microsoft Edge,0
ses_20260701-173246-SIDDHIGUPTAB00B,2026-07-01 17:45:23.553000+00:00,2026-07-01 17:45:33.518000+00:00,9.965,False,0,1,process_cluster_1,20,4,Microsoft Word,17,0.2,0.05,0.0,0.0,0.0,0.0,0.0,0.0,0.15,0.3,-0.9659258262890683,-0.25881904510252063,Microsoft Word,1
ses_20260701-173642-NEELA9BAF,2026-07-01 17:36:42.813000+00:00,2026-07-01 17:38:22.178000+00:00,99.365,True,16,0,process_cluster_0,219,6,Microsoft Edge,17,0.1461187214611872,0.1141552511415525,0.0,0.0547945205479452,0.045662100456621,0.0639269406392694,0.1095890410958904,0.0319634703196347,0.0365296803652968,0.2511415525114155,-0.9659258262890683,-0.25881904510252063,Microsoft Edge,0
ses_20260701-173642-NEELA9BAF,2026-07-01 17:38:22.178000+00:00,2026-07-01 17:40:48.911000+00:00,146.733,True,15,0,process_cluster_0,248,3,Microsoft Edge,17,0.14516129032258066,0.13709677419354838,0.0,0.06451612903225806,0.06048387096774194,0.07258064516129033,0.13306451612903225,0.04435483870967742,0.004032258064516129,0.2620967741935484,-0.9659258262890683,-0.25881904510252063,Microsoft Edge,0
ses_20260701-173642-NEELA9BAF,2026-07-01 17:40:48.911000+00:00,2026-07-01 17:43:36.257000+00:00,167.346,True,14,4,process_cluster_4,290,6,Microsoft Edge,17,0.2689655172413793,0.10689655172413794,0.0,0.04827586206896552,0.034482758620689655,0.05517241379310345,0.10689655172413794,0.034482758620689655,0.0034482758620689655,0.22413793103448276,-0.9659258262890683,-0.25881904510252063,Microsoft Edge,4
ses_20260701-173642-NEELA9BAF,2026-07-01 17:43:36.257000+00:00,2026-07-01 17:44:14.843000+00:00,38.586,True,3,0,process_cluster_0,78,1,Microsoft Edge,17,0.10256410256410256,0.15384615384615385,0.0,0.14102564102564102,0.05128205128205128,0.05128205128205128,0.15384615384615385,0.05128205128205128,0.01282051282051282,0.2692307692307692,-0.9659258262890683,-0.25881904510252063,Microsoft Edge,0
ses_20260701-173642-NEELA9BAF,2026-07-01 17:44:14.843000+00:00,2026-07-01 17:46:47.467000+00:00,152.624,True,7,0,process_cluster_0,277,4,Microsoft Edge,17,0.19494584837545126,0.1299638989169675,0.0,0.07581227436823104,0.04332129963898917,0.05776173285198556,0.1299638989169675,0.04332129963898917,0.007220216606498195,0.24187725631768953,-0.9659258262890683,-0.25881904510252063,Microsoft Edge,0
ses_20260701-173642-NEELA9BAF,2026-07-01 17:46:47.467000+00:00,2026-07-01 17:47:03.748000+00:00,16.281,False,0,2,process_cluster_2,24,3,WindowsTerminal,17,0.16666666666666666,0.0,0.041666666666666664,0.0,0.0,0.0,0.0,0.0,0.125,0.3333333333333333,-0.9659258262890683,-0.25881904510252063,WindowsTerminal,2
ses_20260701-175258-LAPTOP-76QMG9DE,2026-07-01 17:52:58.085000+00:00,2026-07-01 17:53:14.801000+00:00,16.716,True,3,1,process_cluster_1,27,3,Microsoft Edge,17,0.0,0.0,0.0,0.0,0.0,0.0,0.0,0.0,0.14814814814814814,0.18518518518518517,-0.9659258262890683,-0.25881904510252063,Microsoft Edge,1
ses_20260701-175258-LAPTOP-76QMG9DE,2026-07-01 17:53:14.801000+00:00,2026-07-01 17:54:20.656000+00:00,65.855,True,6,0,process_cluster_0,129,2,Microsoft Edge,17,0.24806201550387597,0.09302325581395349,0.0,0.07751937984496124,0.03875968992248062,0.09302325581395349,0.09302325581395349,0.023255813953488372,0.007751937984496124,0.2558139534883721,-0.9659258262890683,-0.25881904510252063,Microsoft Edge,0
ses_20260701-175258-LAPTOP-76QMG9DE,2026-07-01 17:54:20.656000+00:00,2026-07-01 17:59:46.662000+00:00,326.006,True,36,4,process_cluster_4,658,4,Microsoft Edge,17,0.17325227963525835,0.11854103343465046,0.0,0.08966565349544073,0.05319148936170213,0.07750759878419453,0.11854103343465046,0.03951367781155015,0.004559270516717325,0.25227963525835867,-0.9659258262890683,-0.25881904510252063,Microsoft Edge,4
ses_20260701-175258-LAPTOP-76QMG9DE,2026-07-01 17:59:46.662000+00:00,2026-07-01 18:00:47.991000+00:00,61.329,True,6,0,process_cluster_0,136,2,Microsoft Edge,17,0.23529411764705882,0.08823529411764706,0.0,0.051470588235294115,0.04411764705882353,0.08823529411764706,0.08823529411764706,0.029411764705882353,0.007352941176470588,0.23529411764705882,-0.9659258262890683,-0.25881904510252063,Microsoft Edge,0
ses_20260701-175258-LAPTOP-76QMG9DE,2026-07-01 18:00:47.991000+00:00,2026-07-01 18:01:53.321000+00:00,65.33,True,4,0,process_cluster_0,135,2,Microsoft Edge,18,0.23703703703703705,0.08888888888888889,0.0,0.05925925925925926,0.044444444444444446,0.08888888888888889,0.08888888888888889,0.02962962962962963,0.007407407407407408,0.23703703703703705,-1.0,-1.8369701987210297e-16,Microsoft Edge,0
ses_20260701-175258-LAPTOP-76QMG9DE,2026-07-01 18:01:53.321000+00:00,2026-07-01 18:04:09.734000+00:00,136.413,True,15,4,process_cluster_4,316,3,Microsoft Edge,18,0.3987341772151899,0.0759493670886076,0.0,0.03481012658227848,0.022151898734177215,0.06329113924050633,0.0759493670886076,0.02531645569620253,0.0031645569620253164,0.2120253164556962,-1.0,-1.8369701987210297e-16,Microsoft Edge,4
ses_20260701-175258-LAPTOP-76QMG9DE,2026-07-01 18:04:09.734000+00:00,2026-07-01 18:05:24.019000+00:00,74.285,True,2,0,process_cluster_0,132,1,Microsoft Edge,18,0.12121212121212122,0.18181818181818182,0.0,0.05303030303030303,0.06818181818181818,0.06060606060606061,0.18181818181818182,0.06060606060606061,0.007575757575757576,0.23484848484848486,-1.0,-1.8369701987210297e-16,Microsoft Edge,0
ses_20260701-175258-LAPTOP-76QMG9DE,2026-07-01 18:05:24.019000+00:00,2026-07-01 18:06:36.075000+00:00,72.056,True,2,1,process_cluster_1,17,4,Microsoft Edge,18,0.0,0.11764705882352941,0.0,0.0,0.0,0.0,0.0,0.0,0.17647058823529413,0.29411764705882354,-1.0,-1.8369701987210297e-16,Microsoft Edge,1
ses_20260701-175747-SIDDHIGUPTAB00B,2026-07-01 17:57:47.661000+00:00,2026-07-01 17:59:11.152000+00:00,83.491,True,12,0,process_cluster_0,169,4,Microsoft Edge,17,0.28402366863905326,0.07692307692307693,0.0,0.047337278106508875,0.023668639053254437,0.03550295857988166,0.07100591715976332,0.01775147928994083,0.03550295857988166,0.25443786982248523,-0.9659258262890683,-0.25881904510252063,Microsoft Edge,0
ses_20260701-175747-SIDDHIGUPTAB00B,2026-07-01 17:59:11.152000+00:00,2026-07-01 18:00:01.037000+00:00,49.885,True,3,0,process_cluster_0,90,3,Microsoft Edge,17,0.13333333333333333,0.13333333333333333,0.0,0.06666666666666667,0.05555555555555555,0.06666666666666667,0.13333333333333333,0.044444444444444446,0.011111111111111112,0.26666666666666666,-0.9659258262890683,-0.25881904510252063,Microsoft Edge,0
ses_20260701-175747-SIDDHIGUPTAB00B,2026-07-01 18:00:01.037000+00:00,2026-07-01 18:00:42.919000+00:00,41.882,True,2,0,process_cluster_0,75,3,Microsoft Edge,18,0.10666666666666667,0.16,0.0,0.09333333333333334,0.05333333333333334,0.05333333333333334,0.16,0.05333333333333334,0.013333333333333334,0.24,-1.0,-1.8369701987210297e-16,Microsoft Edge,0
ses_20260701-175747-SIDDHIGUPTAB00B,2026-07-01 18:00:42.919000+00:00,2026-07-01 18:05:59.866000+00:00,316.947,True,31,4,process_cluster_4,610,4,Microsoft Edge,18,0.21311475409836064,0.1180327868852459,0.0,0.07540983606557378,0.05081967213114754,0.07213114754098361,0.1180327868852459,0.03934426229508197,0.004918032786885246,0.2360655737704918,-1.0,-1.8369701987210297e-16,Microsoft Edge,4
ses_20260701-175747-SIDDHIGUPTAB00B,2026-07-01 18:05:59.866000+00:00,2026-07-01 18:06:44.041000+00:00,44.175,True,4,0,process_cluster_0,90,1,Microsoft Edge,18,0.13333333333333333,0.13333333333333333,0.0,0.14444444444444443,0.05555555555555555,0.06666666666666667,0.13333333333333333,0.044444444444444446,0.011111111111111112,0.26666666666666666,-1.0,-1.8369701987210297e-16,Microsoft Edge,0
ses_20260701-175747-SIDDHIGUPTAB00B,2026-07-01 18:06:44.041000+00:00,2026-07-01 18:08:18.585000+00:00,94.544,True,6,0,process_cluster_0,184,3,Microsoft Edge,18,0.15217391304347827,0.13043478260869565,0.0,0.10869565217391304,0.059782608695652176,0.07608695652173914,0.13043478260869565,0.043478260869565216,0.005434782608695652,0.24456521739130435,-1.0,-1.8369701987210297e-16,Microsoft Edge,0
ses_20260701-175747-SIDDHIGUPTAB00B,2026-07-01 18:08:18.585000+00:00,2026-07-01 18:08:57.306000+00:00,38.721,True,3,0,process_cluster_0,78,1,Microsoft Edge,18,0.10256410256410256,0.15384615384615385,0.0,0.14102564102564102,0.05128205128205128,0.05128205128205128,0.15384615384615385,0.05128205128205128,0.01282051282051282,0.2692307692307692,-1.0,-1.8369701987210297e-16,Microsoft Edge,0
ses_20260701-175747-SIDDHIGUPTAB00B,2026-07-01 18:08:57.306000+00:00,2026-07-01 18:09:18.447000+00:00,21.141,True,1,1,process_cluster_1,13,3,Microsoft Edge,18,0.0,0.07692307692307693,0.0,0.0,0.0,0.0,0.0,0.0,0.23076923076923078,0.3076923076923077,-1.0,-1.8369701987210297e-16,Microsoft Edge,1
ses_20260701-180923-NEELA9BAF,2026-07-01 18:09:23.713000+00:00,2026-07-01 18:11:51.879000+00:00,148.166,True,10,4,process_cluster_4,258,4,Microsoft Edge,18,0.20155038759689922,0.08914728682170543,0.0,0.03488372093023256,0.03875968992248062,0.07751937984496124,0.08139534883720931,0.027131782945736434,0.031007751937984496,0.24806201550387597,-1.0,-1.8369701987210297e-16,Microsoft Edge,4
ses_20260701-180923-NEELA9BAF,2026-07-01 18:11:51.879000+00:00,2026-07-01 18:15:59.427000+00:00,247.548,True,15,4,process_cluster_4,482,4,Microsoft Edge,18,0.22406639004149378,0.0995850622406639,0.0,0.05394190871369295,0.04564315352697095,0.08298755186721991,0.0995850622406639,0.03319502074688797,0.004149377593360996,0.24066390041493776,-1.0,-1.8369701987210297e-16,Microsoft Edge,4
ses_20260701-180923-NEELA9BAF,2026-07-01 18:15:59.427000+00:00,2026-07-01 18:17:05.687000+00:00,66.26,True,2,0,process_cluster_0,134,2,Microsoft Edge,18,0.23880597014925373,0.08955223880597014,0.0,0.05223880597014925,0.04477611940298507,0.08955223880597014,0.08955223880597014,0.029850746268656716,0.007462686567164179,0.2462686567164179,-1.0,-1.8369701987210297e-16,Microsoft Edge,0
ses_20260701-180923-NEELA9BAF,2026-07-01 18:17:05.687000+00:00,2026-07-01 18:19:41.221000+00:00,155.534,True,8,0,process_cluster_0,237,3,Microsoft Edge,18,0.16877637130801687,0.1308016877637131,0.0,0.08016877637130802,0.05485232067510549,0.0759493670886076,0.12658227848101267,0.04219409282700422,0.004219409282700422,0.24472573839662448,-1.0,-1.8369701987210297e-16,Microsoft Edge,0
ses_20260701-180923-NEELA9BAF,2026-07-01 18:19:41.221000+00:00,2026-07-01 18:20:56.358000+00:00,75.137,True,2,0,process_cluster_0,141,2,Microsoft Edge,18,0.11347517730496454,0.1702127659574468,0.0,0.10638297872340426,0.05673758865248227,0.05673758865248227,0.1773049645390071,0.05673758865248227,0.0070921985815602835,0.24822695035460993,-1.0,-1.8369701987210297e-16,Microsoft Edge,0
ses_20260701-180923-NEELA9BAF,2026-07-01 18:20:56.358000+00:00,2026-07-01 18:21:49.877000+00:00,53.519,True,3,0,process_cluster_0,79,2,Microsoft Edge,18,0.10126582278481013,0.1518987341772152,0.0,0.1518987341772152,0.05063291139240506,0.05063291139240506,0.1518987341772152,0.05063291139240506,0.012658227848101266,0.25316455696202533,-1.0,-1.8369701987210297e-16,Microsoft Edge,0
ses_20260701-180923-NEELA9BAF,2026-07-01 18:21:49.877000+00:00,2026-07-01 18:22:03.575000+00:00,13.698,True,1,1,process_cluster_1,18,3,Microsoft Edge,18,0.1111111111111111,0.0,0.0,0.0,0.0,0.0,0.0,0.0,0.16666666666666666,0.3333333333333333,-1.0,-1.8369701987210297e-16,Microsoft Edge,1
ses_20260701-181413-LAPTOP-76QMG9DE,2026-07-01 18:14:13.186000+00:00,2026-07-01 18:15:55.004000+00:00,101.818,True,13,0,process_cluster_0,178,2,Microsoft Edge,18,0.0898876404494382,0.1404494382022472,0.0,0.09550561797752809,0.03932584269662921,0.0449438202247191,0.1348314606741573,0.03932584269662921,0.011235955056179775,0.25280898876404495,-1.0,-1.8369701987210297e-16,Microsoft Edge,0
ses_20260701-181413-LAPTOP-76QMG9DE,2026-07-01 18:15:55.004000+00:00,2026-07-01 18:16:44.590000+00:00,49.586,True,10,0,process_cluster_0,115,3,Microsoft Edge,18,0.17391304347826086,0.11304347826086956,0.0,0.06086956521739131,0.06086956521739131,0.08695652173913043,0.10434782608695652,0.034782608695652174,0.008695652173913044,0.24347826086956523,-1.0,-1.8369701987210297e-16,Microsoft Edge,0
ses_20260701-181413-LAPTOP-76QMG9DE,2026-07-01 18:16:44.590000+00:00,2026-07-01 18:17:22.665000+00:00,38.075,True,3,0,process_cluster_0,73,3,Microsoft Word,18,0.2191780821917808,0.0958904109589041,0.0,0.0547945205479452,0.0410958904109589,0.0821917808219178,0.0821917808219178,0.0273972602739726,0.0136986301369863,0.2328767123287671,-1.0,-1.8369701987210297e-16,Microsoft Word,0
ses_20260701-181413-LAPTOP-76QMG9DE,2026-07-01 18:17:22.665000+00:00,2026-07-01 18:20:55.177000+00:00,212.512,True,27,4,process_cluster_4,454,3,Microsoft Edge,18,0.28193832599118945,0.08149779735682819,0.0,0.048458149779735685,0.03524229074889868,0.07488986784140969,0.07929515418502203,0.02643171806167401,0.004405286343612335,0.21806167400881057,-1.0,-1.8369701987210297e-16,Microsoft Edge,4
ses_20260701-181413-LAPTOP-76QMG9DE,2026-07-01 18:20:55.177000+00:00,2026-07-01 18:23:34.543000+00:00,159.366,True,14,0,process_cluster_0,314,3,Microsoft Edge,18,0.25477707006369427,0.11464968152866242,0.0,0.06687898089171974,0.041401273885350316,0.06369426751592357,0.11464968152866242,0.03821656050955414,0.0031847133757961785,0.2356687898089172,-1.0,-1.8369701987210297e-16,Microsoft Edge,0
ses_20260701-181413-LAPTOP-76QMG9DE,2026-07-01 18:23:34.543000+00:00,2026-07-01 18:25:12.522000+00:00,97.979,True,4,0,process_cluster_0,123,2,Microsoft Edge,18,0.16260162601626016,0.10569105691056911,0.0,0.04878048780487805,0.04065040650406504,0.06504065040650407,0.10569105691056911,0.032520325203252036,0.008130081300813009,0.2601626016260163,-1.0,-1.8369701987210297e-16,Microsoft Edge,0
ses_20260701-181413-LAPTOP-76QMG9DE,2026-07-01 18:25:12.522000+00:00,2026-07-01 18:27:04.265000+00:00,111.743,True,11,0,process_cluster_0,243,3,Microsoft Edge,18,0.3045267489711934,0.09876543209876543,0.0,0.06172839506172839,0.037037037037037035,0.06584362139917696,0.09876543209876543,0.03292181069958848,0.00411522633744856,0.2345679012345679,-1.0,-1.8369701987210297e-16,Microsoft Edge,0
ses_20260701-181413-LAPTOP-76QMG9DE,2026-07-01 18:27:04.265000+00:00,2026-07-01 18:27:18.448000+00:00,14.183,True,1,1,process_cluster_1,18,5,Microsoft Edge,18,0.0,0.1111111111111111,0.0,0.0,0.0,0.0,0.0,0.0,0.16666666666666666,0.2777777777777778,-1.0,-1.8369701987210297e-16,Microsoft Edge,1
ses_20260701-181913-SIDDHIGUPTAB00B,2026-07-01 18:19:13.159000+00:00,2026-07-01 18:21:18.105000+00:00,124.946,True,21,4,process_cluster_4,229,5,Microsoft Edge,18,0.22707423580786026,0.06986899563318777,0.0,0.026200873362445413,0.026200873362445413,0.056768558951965066,0.06986899563318777,0.021834061135371178,0.021834061135371178,0.24890829694323144,-1.0,-1.8369701987210297e-16,Microsoft Edge,4
ses_20260701-181913-SIDDHIGUPTAB00B,2026-07-01 18:21:18.105000+00:00,2026-07-01 18:25:50.194000+00:00,272.089,True,20,4,process_cluster_4,483,3,Microsoft Edge,18,0.17805383022774326,0.11594202898550725,0.0,0.08902691511387163,0.047619047619047616,0.06832298136645963,0.12629399585921325,0.024844720496894408,0.004140786749482402,0.2525879917184265,-1.0,-1.8369701987210297e-16,Microsoft Edge,4
ses_20260701-181913-SIDDHIGUPTAB00B,2026-07-01 18:25:50.194000+00:00,2026-07-01 18:28:26.551000+00:00,156.357,True,11,4,process_cluster_4,321,4,Microsoft Edge,18,0.2803738317757009,0.08099688473520249,0.0,0.04672897196261682,0.04361370716510903,0.08722741433021806,0.09345794392523364,0.012461059190031152,0.003115264797507788,0.2336448598130841,-1.0,-1.8369701987210297e-16,Microsoft Edge,4
ses_20260701-181913-SIDDHIGUPTAB00B,2026-07-01 18:28:26.551000+00:00,2026-07-01 18:29:22.123000+00:00,55.572,True,7,0,process_cluster_0,117,2,Microsoft Edge,18,0.17094017094017094,0.10256410256410256,0.0,0.06837606837606838,0.042735042735042736,0.06837606837606838,0.10256410256410256,0.03418803418803419,0.008547008547008548,0.28205128205128205,-1.0,-1.8369701987210297e-16,Microsoft Edge,0
ses_20260701-181913-SIDDHIGUPTAB00B,2026-07-01 18:29:22.123000+00:00,2026-07-01 18:29:29.277000+00:00,7.154,False,0,1,process_cluster_1,15,3,Microsoft Edge,18,0.0,0.06666666666666667,0.0,0.0,0.0,0.0,0.0,0.0,0.2,0.3333333333333333,-1.0,-1.8369701987210297e-16,Microsoft Edge,1
ses_20260701-182634-NEELA9BAF,2026-07-01 18:26:34.400000+00:00,2026-07-01 18:28:17.995000+00:00,103.595,True,6,0,process_cluster_0,179,4,Microsoft Edge,18,0.0893854748603352,0.12290502793296089,0.0,0.055865921787709494,0.03910614525139665,0.0446927374301676,0.11731843575418995,0.03910614525139665,0.0223463687150838,0.24022346368715083,-1.0,-1.8369701987210297e-16,Microsoft Edge,0
ses_20260701-182634-NEELA9BAF,2026-07-01 18:28:17.995000+00:00,2026-07-01 18:32:03.986000+00:00,225.991,True,17,4,process_cluster_4,275,4,Microsoft Edge,18,0.31272727272727274,0.06909090909090909,0.0,0.04363636363636364,0.03272727272727273,0.06545454545454546,0.06545454545454546,0.01818181818181818,0.007272727272727273,0.22545454545454546,-1.0,-1.8369701987210297e-16,Microsoft Edge,4
ses_20260701-182634-NEELA9BAF,2026-07-01 18:32:03.986000+00:00,2026-07-01 18:34:30.915000+00:00,146.929,True,11,0,process_cluster_0,267,4,Microsoft Edge,18,0.15730337078651685,0.13857677902621723,0.0,0.07116104868913857,0.04868913857677903,0.06367041198501873,0.13857677902621723,0.04119850187265917,0.003745318352059925,0.24719101123595505,-1.0,-1.8369701987210297e-16,Microsoft Edge,0
ses_20260701-182634-NEELA9BAF,2026-07-01 18:34:30.915000+00:00,2026-07-01 18:35:23.594000+00:00,52.679,True,1,0,process_cluster_0,79,2,Microsoft Edge,18,0.10126582278481013,0.1518987341772152,0.0,0.06329113924050633,0.05063291139240506,0.05063291139240506,0.1518987341772152,0.05063291139240506,0.012658227848101266,0.26582278481012656,-1.0,-1.8369701987210297e-16,Microsoft Edge,0
ses_20260701-182634-NEELA9BAF,2026-07-01 18:35:23.594000+00:00,2026-07-01 18:36:03.174000+00:00,39.58,True,1,0,process_cluster_0,70,1,Microsoft Edge,18,0.11428571428571428,0.17142857142857143,0.0,0.11428571428571428,0.05714285714285714,0.05714285714285714,0.17142857142857143,0.05714285714285714,0.014285714285714285,0.24285714285714285,-1.0,-1.8369701987210297e-16,Microsoft Edge,0
ses_20260701-182634-NEELA9BAF,2026-07-01 18:36:03.174000+00:00,2026-07-01 18:37:05.834000+00:00,62.66,True,10,0,process_cluster_0,131,4,Microsoft Edge,18,0.1984732824427481,0.0916030534351145,0.0,0.03816793893129771,0.05343511450381679,0.07633587786259542,0.0916030534351145,0.030534351145038167,0.030534351145038167,0.24427480916030533,-1.0,-1.8369701987210297e-16,Microsoft Edge,0
ses_20260701-183232-LAPTOP-76QMG9DE,2026-07-01 18:32:32.132000+00:00,2026-07-01 18:33:15.491000+00:00,43.359,True,11,0,process_cluster_0,94,2,Microsoft Edge,18,0.1276595744680851,0.0851063829787234,0.0,0.031914893617021274,0.031914893617021274,0.06382978723404255,0.06382978723404255,0.010638297872340425,0.0425531914893617,0.20212765957446807,-1.0,-1.8369701987210297e-16,Microsoft Edge,0
ses_20260701-183232-LAPTOP-76QMG9DE,2026-07-01 18:33:15.491000+00:00,2026-07-01 18:36:06.436000+00:00,170.945,True,12,0,process_cluster_0,308,4,Microsoft Edge,18,0.12987012987012986,0.1461038961038961,0.0,0.1266233766233766,0.05519480519480519,0.06493506493506493,0.13636363636363635,0.045454545454545456,0.003246753246753247,0.2597402597402597,-1.0,-1.8369701987210297e-16,Microsoft Edge,0
ses_20260701-183232-LAPTOP-76QMG9DE,2026-07-01 18:36:06.436000+00:00,2026-07-01 18:37:20+00:00,73.564,True,7,0,process_cluster_0,133,2,Microsoft Edge,18,0.18045112781954886,0.12030075187969924,0.0,0.06766917293233082,0.05263157894736842,0.07518796992481203,0.11278195488721804,0.03759398496240601,0.015037593984962405,0.24812030075187969,-1.0,-1.8369701987210297e-16,Microsoft Edge,0
ses_20260701-183232-LAPTOP-76QMG9DE,2026-07-01 18:37:20+00:00,2026-07-01 18:39:29.529000+00:00,129.529,True,10,0,process_cluster_0,230,3,Microsoft Edge,18,0.12173913043478261,0.1608695652173913,0.0,0.09130434782608696,0.05652173913043478,0.06086956521739131,0.1608695652173913,0.05217391304347826,0.004347826086956522,0.24782608695652175,-1.0,-1.8369701987210297e-16,Microsoft Edge,0
ses_20260701-183232-LAPTOP-76QMG9DE,2026-07-01 18:39:29.529000+00:00,2026-07-01 18:39:41.610000+00:00,12.081,True,1,1,process_cluster_1,16,5,Microsoft Edge,18,0.0,0.125,0.0,0.0,0.0,0.0,0.0,0.0,0.1875,0.25,-1.0,-1.8369701987210297e-16,Microsoft Edge,1
ses_20260701-184201-LAPTOP-76QMG9DE,2026-07-01 18:42:01.374000+00:00,2026-07-01 18:48:27.209000+00:00,385.835,True,40,4,process_cluster_4,707,5,Microsoft Edge,18,0.25176803394625175,0.07213578500707214,0.0,0.03818953323903819,0.03818953323903819,0.09193776520509193,0.06930693069306931,0.021216407355021217,0.008486562942008486,0.23055162659123055,-1.0,-1.8369701987210297e-16,Microsoft Edge,4
ses_20260701-184201-LAPTOP-76QMG9DE,2026-07-01 18:48:27.209000+00:00,2026-07-01 18:49:39.638000+00:00,72.429,True,7,0,process_cluster_0,141,2,Microsoft Edge,18,0.22695035460992907,0.0851063829787234,0.0,0.06382978723404255,0.0425531914893617,0.0851063829787234,0.0851063829787234,0.028368794326241134,0.0070921985815602835,0.23404255319148937,-1.0,-1.8369701987210297e-16,Microsoft Edge,0
ses_20260701-184201-LAPTOP-76QMG9DE,2026-07-01 18:49:39.638000+00:00,2026-07-01 18:50:47.593000+00:00,67.955,True,6,0,process_cluster_0,141,2,Microsoft Word,18,0.22695035460992907,0.0851063829787234,0.0,0.04964539007092199,0.0425531914893617,0.0851063829787234,0.0851063829787234,0.028368794326241134,0.0070921985815602835,0.22695035460992907,-1.0,-1.8369701987210297e-16,Microsoft Word,0
ses_20260701-184201-LAPTOP-76QMG9DE,2026-07-01 18:50:47.593000+00:00,2026-07-01 18:51:58.773000+00:00,71.18,True,5,0,process_cluster_0,165,2,Microsoft Word,18,0.26666666666666666,0.07272727272727272,0.0,0.048484848484848485,0.04242424242424243,0.09696969696969697,0.07272727272727272,0.024242424242424242,0.006060606060606061,0.23636363636363636,-1.0,-1.8369701987210297e-16,Microsoft Word,0
ses_20260701-184201-LAPTOP-76QMG9DE,2026-07-01 18:51:58.773000+00:00,2026-07-01 18:52:47.130000+00:00,48.357,True,2,0,process_cluster_0,87,2,Microsoft Edge,18,0.09195402298850575,0.13793103448275862,0.0,0.10344827586206896,0.04597701149425287,0.04597701149425287,0.13793103448275862,0.04597701149425287,0.011494252873563218,0.28735632183908044,-1.0,-1.8369701987210297e-16,Microsoft Edge,0
ses_20260701-184201-LAPTOP-76QMG9DE,2026-07-01 18:52:47.130000+00:00,2026-07-01 18:53:31.489000+00:00,44.359,True,8,0,process_cluster_0,100,2,Microsoft Edge,18,0.2,0.12,0.0,0.06,0.07,0.1,0.12,0.04,0.01,0.23,-1.0,-1.8369701987210297e-16,Microsoft Edge,0
ses_20260701-184201-LAPTOP-76QMG9DE,2026-07-01 18:53:31.489000+00:00,2026-07-01 18:57:01.709000+00:00,210.22,True,14,4,process_cluster_4,421,2,Microsoft Edge,18,0.22802850356294538,0.0855106888361045,0.0,0.057007125890736345,0.04275534441805225,0.0855106888361045,0.0855106888361045,0.028503562945368172,0.007125890736342043,0.2494061757719715,-1.0,-1.8369701987210297e-16,Microsoft Edge,4
ses_20260701-184201-LAPTOP-76QMG9DE,2026-07-01 18:57:01.709000+00:00,2026-07-01 18:58:28.158000+00:00,86.449,True,7,0,process_cluster_0,133,5,Microsoft Edge,18,0.15037593984962405,0.10526315789473684,0.0,0.05263157894736842,0.03759398496240601,0.06015037593984962,0.09022556390977443,0.03007518796992481,0.03007518796992481,0.2706766917293233,-1.0,-1.8369701987210297e-16,Microsoft Edge,0
ses_20260701-190250-NEELA9BAF,2026-07-01 19:02:50.219000+00:00,2026-07-01 19:03:03.586000+00:00,13.367,True,4,1,process_cluster_1,32,2,Microsoft Edge,19,0.0,0.0,0.0,0.0,0.0,0.0,0.0,0.0,0.09375,0.15625,-0.9659258262890684,0.2588190451025203,Microsoft Edge,1
ses_20260701-190250-NEELA9BAF,2026-07-01 19:03:03.586000+00:00,2026-07-01 19:08:30.036000+00:00,326.45,True,30,4,process_cluster_4,586,5,Microsoft Edge,19,0.24914675767918087,0.10409556313993173,0.0,0.04948805460750853,0.040955631399317405,0.06825938566552901,0.10409556313993173,0.032423208191126277,0.0034129692832764505,0.23720136518771331,-0.9659258262890684,0.2588190451025203,Microsoft Edge,4
ses_20260701-190250-NEELA9BAF,2026-07-01 19:08:30.036000+00:00,2026-07-01 19:09:07.318000+00:00,37.282,True,3,0,process_cluster_0,70,2,Microsoft Edge,19,0.22857142857142856,0.08571428571428572,0.0,0.04285714285714286,0.04285714285714286,0.08571428571428572,0.08571428571428572,0.02857142857142857,0.014285714285714285,0.24285714285714285,-0.9659258262890684,0.2588190451025203,Microsoft Edge,0
ses_20260701-190250-NEELA9BAF,2026-07-01 19:09:07.318000+00:00,2026-07-01 19:10:04.211000+00:00,56.893,True,3,0,process_cluster_0,111,2,Microsoft Edge,19,0.18018018018018017,0.10810810810810811,0.0,0.05405405405405406,0.04504504504504504,0.07207207207207207,0.10810810810810811,0.036036036036036036,0.009009009009009009,0.2702702702702703,-0.9659258262890684,0.2588190451025203,Microsoft Edge,0
ses_20260701-190250-NEELA9BAF,2026-07-01 19:10:04.211000+00:00,2026-07-01 19:12:47.024000+00:00,162.813,True,17,0,process_cluster_0,329,3,Microsoft Edge,19,0.2066869300911854,0.1094224924012158,0.0,0.05167173252279635,0.057750759878419454,0.0911854103343465,0.1094224924012158,0.0364741641337386,0.0060790273556231,0.23708206686930092,-0.9659258262890684,0.2588190451025203,Microsoft Edge,0
ses_20260701-190250-NEELA9BAF,2026-07-01 19:12:47.024000+00:00,2026-07-01 19:12:55.612000+00:00,8.588,True,1,1,process_cluster_1,18,3,Microsoft Edge,19,0.1111111111111111,0.0,0.0,0.0,0.0,0.0,0.0,0.0,0.16666666666666666,0.3333333333333333,-0.9659258262890684,0.2588190451025203,Microsoft Edge,1
ses_20260701-191537-LAPTOP-76QMG9DE,2026-07-01 19:15:37.798000+00:00,2026-07-01 19:16:18.095000+00:00,40.297,True,5,1,process_cluster_1,66,3,Microsoft Edge,19,0.06060606060606061,0.09090909090909091,0.0,0.030303030303030304,0.015151515151515152,0.030303030303030304,0.10606060606060606,0.015151515151515152,0.09090909090909091,0.22727272727272727,-0.9659258262890684,0.2588190451025203,Microsoft Edge,1
ses_20260701-191537-LAPTOP-76QMG9DE,2026-07-01 19:16:18.095000+00:00,2026-07-01 19:18:07.435000+00:00,109.34,True,9,0,process_cluster_0,194,3,Microsoft Edge,19,0.16494845360824742,0.12886597938144329,0.0,0.10824742268041238,0.061855670103092786,0.08247422680412371,0.12371134020618557,0.041237113402061855,0.005154639175257732,0.2422680412371134,-0.9659258262890684,0.2588190451025203,Microsoft Edge,0
ses_20260701-191537-LAPTOP-76QMG9DE,2026-07-01 19:18:07.435000+00:00,2026-07-01 19:19:59.223000+00:00,111.788,True,11,0,process_cluster_0,249,3,Microsoft Edge,19,0.20883534136546184,0.0963855421686747,0.0,0.0642570281124498,0.05220883534136546,0.08835341365461848,0.0963855421686747,0.0321285140562249,0.008032128514056224,0.2570281124497992,-0.9659258262890684,0.2588190451025203,Microsoft Edge,0
ses_20260701-191537-LAPTOP-76QMG9DE,2026-07-01 19:19:59.223000+00:00,2026-07-01 19:24:50.425000+00:00,291.202,True,20,4,process_cluster_4,617,5,Microsoft Edge,19,0.3500810372771475,0.09562398703403566,0.0,0.06645056726094004,0.03889789303079417,0.06158833063209076,0.07779578606158834,0.02593192868719611,0.0032414910858995136,0.21555915721231766,-0.9659258262890684,0.2588190451025203,Microsoft Edge,4
ses_20260701-191537-LAPTOP-76QMG9DE,2026-07-01 19:24:50.425000+00:00,2026-07-01 19:26:45.945000+00:00,115.52,True,17,4,process_cluster_4,423,4,OpenWith,19,0.5957446808510638,0.05673758865248227,0.0,0.037825059101654845,0.02364066193853428,0.04964539007092199,0.028368794326241134,0.009456264775413711,0.002364066193853428,0.1536643026004728,-0.9659258262890684,0.2588190451025203,OpenWith,4
ses_20260701-191537-LAPTOP-76QMG9DE,2026-07-01 19:26:45.945000+00:00,2026-07-01 19:26:55.504000+00:00,9.559,True,1,1,process_cluster_1,13,4,Microsoft Edge,19,0.0,0.07692307692307693,0.0,0.0,0.0,0.0,0.0,0.0,0.15384615384615385,0.3076923076923077,-0.9659258262890684,0.2588190451025203,Microsoft Edge,1
ses_20260701-192455-NEELA9BAF,2026-07-01 19:24:55.727000+00:00,2026-07-01 19:35:59.773000+00:00,664.046,True,59,4,process_cluster_4,998,7,Microsoft Edge,19,0.23046092184368738,0.1623246492985972,0.0,0.10721442885771543,0.06312625250501001,0.0871743486973948,0.0,0.0,0.0,0.23847695390781562,-0.9659258262890684,0.2588190451025203,Microsoft Edge,4
